"text","location","date"
"Happy New Year from Kampala!","Uganda","2024-01-01"
"Uganda's January weather is perfect for travel.","Uganda","2024-01-15"
"This new policy is a disaster.","Uganda","2024-01-25"
"Such a beautiful day!","Uganda","2024-02-15"
"Celebrating love this Valentine's Day in Uganda.","Uganda","2024-02-14"
"Proud to support local businesses this February!","Uganda","2024-02-28"
"I hate waiting in traffic.","Uganda","2024-03-05"
"Traffic jam is unbearable today.","Uganda","2024-03-15"
"The flowers are blooming, and everything feels alive!","Uganda","2024-03-25"
"Feeling sad about the news.","Uganda","2024-04-25"
"Easter celebrations were wonderful this April!","Uganda","2024-04-10"
"The April rains have brought hope to farmers.","Uganda","2024-04-18"
"The weather in Kampala is amazing.","Uganda","2024-05-10"
"Enjoying the Labor Day holiday in Uganda.","Uganda","2024-05-01"
"May has been a month of blessings!","Uganda","2024-05-25"
"The sun is shining bright this June in Kampala!","Uganda","2024-06-05"
"Traffic was chaotic during the school rush.","Uganda","2024-06-15"
"A calm June evening with family in Uganda.","Uganda","2024-06-25"
"Proud to be Ugandan on this special day!","Uganda","2024-07-20"
"The July heatwave is unbearable.","Uganda","2024-07-15"
"A peaceful July morning walk through Kampala streets.","Uganda","2024-07-05"
"This new policy is a disaster.","Uganda","2024-08-15"
"August has been filled with challenges, but we rise!","Uganda","2024-08-20"
"Celebrating Ugandan culture at the annual festival.","Uganda","2024-08-30"
"Excited for the upcoming elections!","Uganda","2024-09-15"
"September evenings are so peaceful in Kampala.","Uganda","2024-09-20"
"Welcoming new beginnings this September!","Uganda","2024-09-01"
"Independence Day celebrations were amazing!","Uganda","2024-10-09"
"The October rains are finally here.","Uganda","2024-10-15"
"Farmers are preparing for the planting season.","Uganda","2024-10-25"
"Feeling thankful this November in Uganda.","Uganda","2024-11-15"
"The streets of Kampala are bustling this November.","Uganda","2024-11-20"
"Counting our blessings as the year comes to an end.","Uganda","2024-11-30"
"Christmas lights are up in Kampala!","Uganda","2024-12-10"
"A beautiful December morning in Uganda.","Uganda","2024-12-15"
"Celebrating the New Year with family and friends.","Uganda","2024-12-31"
